month,weekly_earnings,variable_loan_owner,cash_rate,cpi,unemployement_rate,total_new_loans_no,total_new_loans_value,average_loan_value,average_yearly_interest,loan_repayment_perc_income
2002-07-01,686.6,6.57,4.75,2.8,6.1791247,33134.0,6001.099999999999,181.11607412325705,11899.32606989799,0.3332845814912386
2002-08-01,693.1,6.57,4.75,2.8,6.3487463,30881.0,5742.4,185.95252744405943,12217.081053074706,0.33897542404455744
2002-09-01,693.1,6.57,4.75,3.2,6.3117756,29019.0,5473.1,188.604018057135,12391.28398635377,0.3438088628112762
2002-10-01,693.1,6.57,4.75,3.2,6.1278045,31550.0,5976.700000000001,189.43581616481777,12445.93312202853,0.3453251590410011
2002-11-01,701.3,6.57,4.75,3.2,6.1618229,30628.0,5900.8,192.66031082669454,12657.782421313832,0.34709666721456395
2002-12-01,701.3,6.57,4.75,2.9,6.1816987,29534.0,5792.7,196.13665605742534,12886.178302972847,0.3533596480978416
2003-01-01,701.3,6.57,4.75,2.9,6.0812102,27636.0,5343.4,193.3492545954552,12703.046026921407,0.3483378677763661
2003-02-01,709.9,6.57,4.75,2.9,5.9544008,29412.0,5644.0,191.89446484428123,12607.466340269279,0.34152877274885085
2003-03-01,709.9,6.57,4.75,3.3,6.1307934,32006.0,6324.799999999999,197.61294757233017,12983.170655502096,0.35170637943323807
2003-04-01,709.9,6.57,4.75,3.3,6.0288542,30704.0,6298.2,205.12636789994787,13476.802371026575,0.3650785693279275
2003-05-01,724.8,6.57,4.75,3.3,6.0685171,34717.0,7225.3,208.1199412391624,13673.48013941297,0.36279186139977526
2003-06-01,724.8,6.57,4.75,2.6,6.0545092,32550.0,6828.6,209.78801843317973,13783.07281105991,0.36569963096079317
2003-07-01,724.8,6.57,4.75,2.6,6.1272695,35587.0,7580.400000000001,213.01036895495548,13994.781240340577,0.371316788725287
2003-08-01,727.5,6.57,4.75,2.6,5.8175983,32697.0,7073.799999999999,216.34400709545216,14213.801266171207,0.3757282914663285
2003-09-01,727.5,6.57,4.75,2.6,5.7750212,33656.0,7375.1,219.1318041359639,14396.959531732831,0.38056990567625776
2003-10-01,727.5,6.57,4.75,2.6,5.7830692,34940.0,7621.8,218.13966800228965,14331.77618775043,0.37884684609438096
2003-11-01,742.4,6.82,4.975,2.6,5.6609297,31187.0,6968.6,223.44566646359058,15238.994452816878,0.39474351512808975
2003-12-01,742.4,7.07,5.226190476190476,2.4,5.6809146,30883.0,6866.6,222.3423890166111,15719.606903474403,0.40719306675528444
2004-01-01,742.4,7.07,5.25,2.4,5.5306387,23026.0,5082.3,220.7200555893338,15604.9079301659,0.40422196022686047
2004-02-01,745.2,7.07,5.25,2.4,5.6424998,25502.0,5638.9,221.11599090267427,15632.90055681907,0.40342552739633836
2004-03-01,745.2,7.07,5.25,2.0,5.4371392,30442.0,6972.1,229.02897312922937,16192.348400236515,0.41786274206812096
2004-04-01,745.2,7.07,5.25,2.0,5.5064787,26358.0,6240.5,236.75923818195616,16738.8781394643,0.43196658975041036
2004-05-01,745.1,7.07,5.25,2.0,5.3362539,28092.0,6727.1,239.46675210024208,16930.299373487112,0.43696507886104885
2004-06-01,745.1,7.07,5.25,2.5,5.4630615,28458.0,6701.6,235.490898868508,16649.206550003517,0.4297101718407316
2004-07-01,745.1,7.07,5.25,2.5,5.5498012,28453.0,6817.5,239.60566548342882,16940.120549678417,0.4372185599681616
2004-08-01,753.4,7.07,5.25,2.5,5.5171835,28527.0,6755.700000000001,236.81775160374386,16743.015038384692,0.42737066422945963
2004-09-01,753.4,7.07,5.25,2.3,5.3702505,28816.0,6875.700000000001,238.6070238756247,16869.516588006663,0.4305996556126755
2004-10-01,753.4,7.07,5.25,2.3,5.1224481,27173.0,6524.1,240.0949471902256,16974.712766348952,0.43328482077017405
2004-11-01,763.9,7.07,5.25,2.3,5.1609628,31004.0,7431.5,239.6948780802477,16946.42788027351,0.4266171538832487
2004-12-01,763.9,7.07,5.25,2.5,5.0681738,30375.0,7445.099999999999,245.10617283950614,17329.006419753085,0.4362483616399923
2005-01-01,763.9,7.07,5.25,2.5,5.0729865,23810.0,5715.400000000001,240.04199916001681,16970.96934061319,0.42723497187039156
2005-02-01,778.3,7.07,5.25,2.5,5.0838022,28716.0,6922.0,241.05028555509122,17042.255188744948,0.42109170847569527
2005-03-01,778.3,7.32,5.488095238095238,2.4,5.1624888,32420.0,7767.5,239.58975940777296,17537.97038864898,0.4333401790057468
2005-04-01,778.3,7.32,5.5,2.4,5.1213087,30176.0,7288.2,241.5230646871686,17679.48833510074,0.4368369013110611
2005-05-01,788.3,7.32,5.5,2.4,5.0988722,31780.0,7746.4,243.75078665827562,17842.557583385777,0.43527350928936115
2005-06-01,788.3,7.32,5.5,2.5,4.9498099,31451.0,7709.9,245.14005913961398,17944.252329019742,0.43775437721434984
2005-07-01,788.3,7.32,5.5,2.5,4.9713901,29429.0,7298.0,247.9866798056339,18152.624961772402,0.44283767800652823
2005-08-01,798.0,7.32,5.5,2.5,4.9014982,32272.0,7990.1,247.58614278631632,18123.305651958355,0.43674825650564764
2005-09-01,798.0,7.32,5.5,3.1,5.001823,32221.0,8062.2,250.2156978368145,18315.789081654824,0.44138685853226395
2005-10-01,798.0,7.32,5.5,3.1,5.0155276,31171.0,7744.2,248.44246254531456,18185.988258317026,0.4382588263523478
2005-11-01,802.9,7.32,5.5,3.1,4.9373397,34971.0,8748.0,250.15012438877926,18310.989105258643,0.4385781615025016
2005-12-01,802.9,7.32,5.5,2.8,5.0694708,32067.0,8188.0,255.34038107711976,18690.915894845166,0.44767802999811185
2006-01-01,802.9,7.32,5.5,2.8,5.161906,26293.0,6593.4,250.76636367093903,18356.097820712737,0.4396585890740474
2006-02-01,811.4,7.32,5.5,2.8,5.1033094,30220.0,7527.3,249.0833884844474,18232.904037061548,0.4321330662355082
2006-03-01,811.4,7.32,5.5,2.9,4.8668167,36765.0,9356.7,254.50020399836802,18629.41493268054,0.4415306624040249
2006-04-01,811.4,7.32,5.5,2.9,4.9649707,29590.0,7576.5,256.0493409935789,18742.811760729976,0.4442182495764675
2006-05-01,824.0,7.57,5.728260869565218,2.9,4.7976294,38389.0,9922.7,258.4776889213056,19566.761051342837,0.4566551776358952
2006-06-01,824.0,7.57,5.75,4.0,4.8078958,35375.0,9071.300000000001,256.43250883392227,19411.94091872792,0.45304193705022217
2006-07-01,824.0,7.57,5.75,4.0,4.6561776,33980.0,8822.5,259.63802236609774,19654.598293113602,0.45870515060477973
2006-08-01,828.7,7.82,5.989130434782608,4.0,4.7123474,35654.0,9212.4,258.3833510966511,20205.578055758117,0.468889596675008
2006-09-01,828.7,7.82,6.0,4.0,4.6657154,31825.0,8258.0,259.48153967007073,20291.456402199532,0.47088248512961756
2006-10-01,828.7,7.82,6.0,4.0,4.463061,32554.0,8560.800000000001,262.9722921914358,20564.433249370282,0.4772171716908383
2006-11-01,839.6,8.07,6.193181818181818,4.0,4.5148094,34869.0,9204.3,263.9679944936763,21302.217155639682,0.4879204647735112
2006-12-01,839.6,8.07,6.25,3.3,4.5676683,31170.0,8328.9,267.20885466794994,21563.75457170356,0.4939108955661936
2007-01-01,839.6,8.07,6.25,3.3,4.5535222,27704.0,7339.4,264.922032919434,21379.208056598327,0.48968391671396466
2007-02-01,851.8,8.07,6.25,3.3,4.6344274,30344.0,8067.3,265.8614553124176,21455.019443712103,0.48438192975310435
2007-03-01,851.8,8.07,6.25,2.5,4.4594237,36319.0,9866.6,271.6649687491396,21923.362978055564,0.4949555461298148
2007-04-01,851.8,8.07,6.25,2.5,4.3854011,32177.0,8785.3,273.0304254591789,22033.55533455574,0.4974433176476001
2007-05-01,863.0,8.07,6.25,2.5,4.2638564,39224.0,11067.0,282.14868447889046,22769.398837446464,0.5073847677477151
2007-06-01,863.0,8.07,6.25,2.1,4.3239259,35591.0,10476.9,294.3693630412183,23755.60759742632,0.5293610749047669
2007-07-01,863.0,8.07,6.25,2.1,4.2527827,34939.0,10081.3,288.54002690403274,23285.180171155447,0.5188782460815458
2007-08-01,869.9,8.32,6.454545454545454,2.1,4.2993773,36772.0,10576.5,287.62373545088656,23930.29478951376,0.5290239989900201
2007-09-01,869.9,8.32,6.5,1.8,4.2130953,31579.0,9068.6,287.1718547135755,23892.69831216948,0.5281928584224863
2007-10-01,869.9,8.32,6.5,1.8,4.326065,35867.0,10345.800000000001,288.4489921097388,23998.956143530268,0.5305418868554801
2007-11-01,875.2,8.57,6.704088101503987,1.8,4.4265886,37113.0,10705.1,288.44609705494037,24719.83051760839,0.5431688255345677
2007-12-01,875.2,8.57,6.748922534220462,2.9,4.3080424,31758.0,9235.0,290.7928710876,24920.94905220732,0.5475880030104618
2008-01-01,875.2,8.72,6.749830281188451,2.9,4.2211014,29082.0,8395.7,288.69059899594254,25173.82023244619,0.5531443413471687
2008-02-01,881.4,8.99,6.964270114828518,2.9,3.9792609,30414.0,8571.1,281.81429604787274,25335.105214703763,0.5527723642174113
2008-03-01,881.4,9.34,7.223723937000684,4.3,4.0567913,27853.0,7905.9,283.8437511219617,26511.00635479122,0.5784286876383555
2008-04-01,881.4,9.44,7.2497122614776925,4.3,4.2647888,28563.0,8274.6,289.6964604558345,27347.345867030774,0.596676307514068
2008-05-01,889.4,9.46,7.249974472248593,4.3,4.2655405,27407.0,8208.7,299.51107381325943,28333.747582734344,0.6126374648149648
2008-06-01,889.4,9.46,7.249987416015917,4.4,4.2433561,24187.0,7346.4,303.73341050977797,28733.180634225,0.6212740792025956
2008-07-01,889.4,9.62,7.250016753986842,4.4,4.2497782,26113.0,7862.0,301.07609236778615,28963.520085781023,0.6262545208909426
2008-08-01,901.0,9.62,7.250002025213914,4.4,4.0159366,23179.0,7037.7,303.6239699728202,29208.6259113853,0.6234232457821502
2008-09-01,901.0,9.36,7.0227272727272725,5.0,4.2889828,24628.0,7576.7,307.64576904336525,28795.643982458983,0.6146086395982878
2008-10-01,901.0,8.34,6.181818181818182,5.0,4.289952,26300.0,8278.9,314.787072243346,26253.24182509506,0.5603441011076381
2008-11-01,911.1,7.73,5.325163291966035,5.0,4.4627385,25479.0,7869.1,308.8465010400722,23873.834530397584,0.5039097821398812
2008-12-01,911.1,6.84,4.345261211573237,3.7,4.5697689,28781.0,8956.1,311.1809874570029,21284.779542058997,0.4492620826485946
2009-01-01,911.1,6.84,4.25000054328142,3.7,4.907195,25218.0,7714.0,305.8926163851217,20923.054960742324,0.4416270898394654
2009-02-01,915.8,5.84,3.35,3.7,5.3030648,28778.0,8787.6,305.35825978177775,17832.92237125582,0.3744712981347922
2009-03-01,915.8,5.84,3.2499785723178505,2.4,5.7108121,35861.0,11327.199999999999,315.86403056244944,18446.45938484705,0.38735488485995956
2009-04-01,915.8,5.76,3.0625707823036863,2.4,5.5117396,33040.0,10567.2,319.8305084745763,18422.237288135595,0.3868462480919498
2009-05-01,922.9,5.76,3.0,2.4,5.8108317,35307.0,11264.300000000001,319.0387175347665,18376.630130002548,0.38291985401373907
2009-06-01,922.9,5.78,3.000062069449825,1.4,5.8612273,35614.0,11290.8,317.0326276183523,18324.485876340765,0.38183330714096797
2009-07-01,922.9,5.78,3.0,1.4,5.6711974,35178.0,11305.9,321.39121041560065,18576.41196202172,0.38708277340702224
2009-08-01,939.7,5.78,3.0,1.4,5.7160277,31368.0,10085.4,321.5187452180566,18583.783473603675,0.38031334619075796
2009-09-01,939.7,5.78,3.0,1.2,5.6617735,34593.0,11316.400000000001,327.12976613765795,18908.100482756632,0.38695042777065985
2009-10-01,939.7,6.03,3.2142857142857144,1.2,5.6233382,33572.0,11086.4,330.22757059454307,19912.722506850947,0.4075098130101044
2009-11-01,956.4,6.28,3.4761904761904763,1.2,5.5585268,30913.0,10579.3,342.2281887878886,21491.930255879408,0.432148004051238
2009-12-01,956.4,6.64,3.738095238095238,2.1,5.490886,29373.0,10416.0,354.611377795935,23546.195485650085,0.47345404814629555
2010-01-01,956.4,6.64,3.75,2.1,5.2651623,21010.0,7402.0,352.30842455973345,23393.279390766304,0.4703792947665586
2010-02-01,968.3,6.64,3.75,2.1,5.2993773,23327.0,7958.3,341.1626012774896,22653.19672482531,0.44990023603669616
2010-03-01,968.3,6.89,3.9775,2.9,5.4220167,26529.0,9425.0,355.271589581213,24478.212522145575,0.4861456740629012
2010-04-01,968.3,7.14,4.2225,2.9,5.496823,23214.0,8319.5,358.38287240458345,25588.537089687256,0.5081970997880356
2010-05-01,981.3,7.39,4.475,2.9,5.228072,24776.0,8874.4,358.1853406522441,26469.896674200838,0.5187368536674435
2010-06-01,981.3,7.39,4.5,3.1,5.1442136,23976.0,8702.1,362.9504504504505,26822.03828828829,0.525637856538193
2010-07-01,981.3,7.39,4.5,3.1,5.2856123,23711.0,8644.1,364.5607523934039,26941.039601872548,0.5279699535520492
2010-08-01,978.5,7.39,4.5,3.1,5.0344231,23490.0,8436.6,359.1570881226054,26541.708812260535,0.5216325775767567
2010-09-01,978.5,7.39,4.5,2.9,5.0549144,23603.0,8459.9,358.4247765114604,26487.59098419692,0.5205689828268724
2010-10-01,978.5,7.39,4.5,2.9,5.2845749,23299.0,8387.9,360.01115927722213,26604.824670586713,0.5228730134543986
2010-11-01,997.5,7.79,4.7275,2.9,5.1093788,26056.0,9469.3,363.42109303039604,28310.50314706785,0.5457972459430857
2010-12-01,997.5,7.79,4.75,2.8,4.8765985,25421.0,9265.599999999999,364.4860548365524,28393.463671767433,0.5473966391318187
2011-01-01,997.5,7.79,4.75,2.8,5.002313,18081.0,6518.5,360.5165643493169,28084.240362811786,0.5414351332718679
2011-02-01,1006.1,7.79,4.75,2.8,4.9736801,20397.0,7233.5,354.635485610629,27626.104329068,0.5280501312965525
2011-03-01,1006.1,7.79,4.75,3.3,4.9255693,24611.0,8706.9,353.7808297102921,27559.526634431753,0.5267775537381922
2011-04-01,1006.1,7.79,4.75,3.3,4.9572239,21298.0,7775.5,365.08122828434597,28439.82768335055,0.5436037800828514
2011-05-01,1019.3,7.79,4.75,3.3,5.01145,24766.0,8953.4,361.51982556731,28162.394411693447,0.5313298419672144
2011-06-01,1019.3,7.79,4.75,3.5,4.9176081,23559.0,8545.5,362.7276200178276,28256.481599388768,0.5331049513502624
2011-07-01,1019.3,7.79,4.75,3.5,5.0887587,22444.0,8146.1,362.95223667795403,28273.979237212618,0.5334350730367865
2011-08-01,1024.5,7.79,4.75,3.5,5.2721674,23989.0,8534.8,355.77973237733954,27715.24115219475,0.5202395380897764
2011-09-01,1024.5,7.79,4.75,3.4,5.2227959,23393.0,8250.199999999999,352.67815158380705,27473.628008378568,0.5157042461309188
2011-10-01,1024.5,7.79,4.75,3.4,5.1880616,23118.0,8047.1,348.08806990224065,27116.060645384547,0.5089923911360992
2011-11-01,1035.1,7.55,4.5125,3.4,5.2316245,26501.0,9271.2,349.8434021357685,26413.17686125052,0.4907213881462683
2011-12-01,1035.1,7.3,4.3,3.0,5.197142,26047.0,9072.1,348.29730871117596,25425.703535915844,0.4723754586311959
2012-01-01,1035.1,7.3,4.25,3.0,5.045378,20550.0,7151.5,348.0048661800487,25404.355231143552,0.47197883577104316
2012-02-01,1050.2,7.39,4.25,3.0,5.1959499,21399.0,7277.700000000001,340.09533155754946,25133.045002102903,0.4602245177127965
2012-03-01,1050.2,7.39,4.25,1.6,5.1814853,24264.0,8284.9,341.44823606989775,25233.02464556544,0.46205529799388834
2012-04-01,1050.2,7.4,4.25,1.6,4.9917849,21492.0,7518.9,349.8464544946957,25888.637632607486,0.4740605751396709
2012-05-01,1057.3,7.04,3.7725,1.6,5.1969259,26311.0,9333.1,354.72235946942345,24972.454106647412,0.45421309188585246
2012-06-01,1057.3,6.83,3.5375,1.2,5.1647408,23751.0,8506.6,358.1575512609996,24462.160751126274,0.44493158828231333
2012-07-01,1057.3,6.83,3.5,1.2,5.1772155,24166.0,8585.3,355.2635934784408,24264.503434577506,0.4413364854341884
2012-08-01,1057.3,6.83,3.5,1.2,5.1582143,25526.0,9039.9,354.14479354383764,24188.08939904411,0.4399466238212739
2012-09-01,1057.3,6.83,3.5,2.0,5.4896198,23505.0,8262.0,351.4996809189534,24007.428206764514,0.4366606560754264
2012-10-01,1057.3,6.64,3.2725,2.0,5.4117903,26604.0,9280.4,348.8347616899714,23162.628176214104,0.4212949562422081
2012-11-01,1081.3,6.64,3.25,2.0,5.2582207,27172.0,9845.2,362.3288679523038,24058.636832032975,0.42787949035763534
2012-12-01,1081.3,6.44,3.0275,2.2,5.4333618,24142.0,8757.3,362.7412807555298,23360.538480656116,0.41546390883936213
2013-01-01,1081.3,6.44,3.0,2.2,5.3853614,21584.0,7746.6,358.9047442550037,23113.46553002224,0.4110697509767844
2013-02-01,1081.3,6.44,3.0,2.2,5.4013078,22751.0,7919.9,348.1121708935871,22418.423805547012,0.39870853114034766
2013-03-01,1081.3,6.44,3.0,2.5,5.6378204,25818.0,9032.4,349.84894259818725,22530.271903323257,0.4006977339122292
2013-04-01,1081.3,6.44,3.0,2.5,5.5845117,26904.0,9445.1,351.0667558727327,22608.699078203987,0.40209255024585766
2013-05-01,1105.0,6.18,2.8,2.5,5.6056699,30348.0,10649.1,350.8995650454725,21685.5931198102,0.3774032913297981
2013-06-01,1105.0,6.18,2.75,2.4,5.6981122,26393.0,9295.7,352.20323570643734,21766.159966657826,0.3788054292839858
2013-07-01,1105.0,6.18,2.75,2.4,5.6295306,29220.0,10057.0,344.1820670773443,21270.451745379876,0.3701784153390163
2013-08-01,1105.0,5.93,2.55,2.4,5.844802,27030.0,9396.9,347.6470588235294,20615.470588235294,0.35877950901906186
2013-09-01,1105.0,5.93,2.5,2.2,5.706998,27185.0,9635.3,354.43443075225304,21017.961743608605,0.365784228047487
2013-10-01,1105.0,5.93,2.5,2.2,5.8266795,30470.0,10935.800000000001,358.903839842468,21282.99770265835,0.3703967577907823
2013-11-01,1114.2,5.93,2.5,2.2,5.7995139,30775.0,11300.2,367.1876523151909,21774.22778229082,0.37581686381209733
2013-12-01,1114.2,5.93,2.5,2.7,5.9021761,28423.0,10552.7,371.2732646096472,22016.504591352077,0.379998491352058
2014-01-01,1114.2,5.93,2.5,2.7,5.9374291,23891.0,8831.8,369.670587250429,21921.46582395044,0.37835814975819904
2014-02-01,1114.2,5.93,2.5,2.7,5.8887509,25354.0,9113.9,359.465961978386,21316.33154531829,0.3679137074085286
2014-03-01,1114.2,5.93,2.5,2.9,5.8717632,27877.0,10268.7,368.3574272697923,21843.595437098684,0.3770141294391748
2014-04-01,1114.2,5.93,2.5,2.9,5.7995429,26869.0,10022.0,372.99490118724185,22118.59764040344,0.3817605878036577
2014-05-01,1123.0,5.93,2.5,2.9,5.9252304,30037.0,11080.699999999999,368.90168791823413,21875.870093551286,0.3746124750591014
2014-06-01,1123.0,5.93,2.5,3.0,6.0510214,27793.0,10454.3,376.1486705285503,22305.616162343034,0.38197164467331723
2014-07-01,1123.0,5.93,2.5,3.0,6.1820714,28979.0,10839.9,374.06052658821903,22181.789226681387,0.37985117519490014
2014-08-01,1123.0,5.93,2.5,3.0,6.1032122,26870.0,9747.6,362.76888723483444,21512.19501302568,0.3683847354788972
2014-09-01,1123.0,5.93,2.5,2.3,6.228036,28256.0,10433.0,369.2313137032843,21895.416902604757,0.3749472036201924
2014-10-01,1123.0,5.93,2.5,2.3,6.3641547,30005.0,11473.6,382.38960173304446,22675.703382769538,0.3883091886904846
2014-11-01,1128.7,5.93,2.5,2.3,6.3022015,27718.0,10697.9,385.954975106429,22887.130023811238,0.38995048803271354
2014-12-01,1128.7,5.93,2.5,1.7,6.1074553,30223.0,11553.2,382.26516229361744,22668.324124011513,0.38622247725449144
2015-01-01,1128.7,5.93,2.5,1.7,6.3388123,23427.0,8900.1,379.90779869381487,22528.532462543222,0.3838407095730149
2015-02-01,1128.7,5.67,2.28,1.7,6.1502903,25222.0,9097.6,360.70097533898974,20451.745301720715,0.3484564492459111
2015-03-01,1128.7,5.67,2.25,1.3,6.0992515,29642.0,11190.199999999999,377.51163889076304,21404.909925106265,0.36469645005326523
2015-04-01,1128.7,5.67,2.25,1.3,6.106209,27020.0,10429.6,385.9955588452998,21885.948186528498,0.37289237084407006
2015-05-01,1136.9,5.46,2.04,1.3,5.9265177,27401.0,10648.6,388.6208532535309,21218.69858764279,0.3589162599315749
2015-06-01,1136.9,5.46,2.0,1.5,6.0093386,29257.0,11555.1,394.95163550603274,21564.359298629388,0.3647631430040763
2015-07-01,1136.9,5.45,2.0,1.5,6.2833547,29280.0,11889.3,406.05532786885243,22130.01536885246,0.374331268037451
2015-08-01,1136.9,5.46,2.0,1.5,6.0930551,28302.0,11740.5,414.8293406826373,22649.682001271998,0.38312147745339886
2015-09-01,1136.9,5.46,2.0,1.5,6.1653466,30604.0,13024.1,425.5685531303098,23236.043000914913,0.3930398282934517
2015-10-01,1136.9,5.46,2.0,1.5,5.9219465,30056.0,13015.0,433.0250199627362,23643.166089965398,0.3999263532068546
2015-11-01,1145.7,5.63,2.0,1.5,5.8578282,30547.0,13328.3,436.32107899302713,24564.876747307426,0.4123256314128988
2015-12-01,1145.7,5.63,2.0,1.7,5.7438918,31344.0,13340.2,425.60617662072485,23961.627743746805,0.40219999435593295
2016-01-01,1145.7,5.63,2.0,1.7,6.025809,22648.0,9351.1,412.8885552808195,23245.625662310136,0.39018177772255686
2016-02-01,1145.7,5.63,2.0,1.7,5.6926303,27013.0,10630.900000000001,393.547551179062,22156.727131381187,0.37190443080449953
2016-03-01,1145.7,5.63,2.0,1.3,5.6479393,28693.0,11455.5,399.24371797999515,22477.421322273723,0.377287337305942
2016-04-01,1145.7,5.63,2.0,1.3,5.6386586,28435.0,11560.0,406.54123439423245,22888.271496395282,0.3841835273093923
2016-05-01,1160.9,5.39,1.77,1.3,5.7163539,30974.0,12530.9,404.56189061793765,21805.885904306837,0.3612231541891708
2016-06-01,1160.9,5.39,1.75,1.0,5.6984156,29713.0,12256.300000000001,412.48948271800225,22233.18311850032,0.36830150212534574
2016-07-01,1160.9,5.39,1.75,1.0,5.7033179,27095.0,11122.1,410.48532939656764,22125.159254474995,0.3665120439459271
2016-08-01,1160.9,5.26,1.52,1.0,5.6163055,28521.0,11747.099999999999,411.87546018723043,21664.64920584832,0.3588835122260633
2016-09-01,1160.9,5.26,1.5,1.3,5.6509911,28118.0,11768.2,418.5290561206345,22014.628351945375,0.36468105567870707
2016-10-01,1160.9,5.26,1.5,1.3,5.5890789,27725.0,11820.099999999999,426.3336339044184,22425.149143372408,0.3714814955136334
2016-11-01,1163.5,5.26,1.5,1.3,5.7666775,31777.0,13686.0,430.6888630141297,22654.23419454322,0.37443777386769395
2016-12-01,1163.5,5.26,1.5,1.5,5.8340869,30412.0,13011.900000000001,427.85413652505594,22505.12758121794,0.37197328321738027
2017-01-01,1163.5,5.26,1.5,1.5,5.6871913,24493.0,10084.6,411.73396480627116,21657.206548809863,0.3579585228390774
2017-02-01,1163.5,5.26,1.5,1.5,5.8493444,26479.0,10554.400000000001,398.59511310850115,20966.10294950716,0.3465357004645658
2017-03-01,1163.5,5.28,1.5,2.1,5.8470485,31884.0,13343.900000000001,418.5139882072513,22097.53857734287,0.36523649759252375
2017-04-01,1163.5,5.28,1.5,2.1,5.608427,26126.0,11016.5,421.6680701217178,22264.0741024267,0.367989059905899
2017-05-01,1179.0,5.29,1.5,2.1,5.5384647,32973.0,14218.2,431.20735146938404,22810.868892730414,0.3720700217382791
2017-06-01,1179.0,5.23,1.5,1.9,5.6053461,31308.0,13339.4,426.07001405391594,22283.461735019806,0.36346743875219883
2017-07-01,1179.0,5.22,1.5,1.9,5.6047958,30346.0,12696.8,418.4011072299479,21840.537797403278,0.3562428687512768
2017-08-01,1179.0,5.22,1.5,1.9,5.5243715,33349.0,13930.4,417.71567363339227,21804.758163663075,0.35565926410359294
2017-09-01,1179.0,5.22,1.5,1.8,5.4565998,30545.0,13004.0,425.7325257816337,22223.237845801275,0.3624851217753193
2017-10-01,1179.0,5.22,1.5,1.8,5.3783521,31605.0,13536.300000000001,428.296155671571,22357.059326056,0.36466789531636984
2017-11-01,1191.5,5.22,1.5,1.8,5.428035,34175.0,15134.099999999999,442.84125822970003,23116.31367959034,0.373096511823983
2017-12-01,1191.5,5.22,1.5,1.9,5.6126478,30135.0,13460.8,446.68325866932133,23316.866102538574,0.3763334210681199
2018-01-01,1191.5,5.22,1.5,1.9,5.5059928,25248.0,11166.800000000001,442.2845373891002,23087.25285171103,0.3726274710563774
2018-02-01,1191.5,5.22,1.5,1.9,5.569042,26410.0,11374.400000000001,430.6853464596744,22481.775085195004,0.36285508062227645
2018-03-01,1191.5,5.22,1.5,1.9,5.5094272,28849.0,12656.0,438.6980484592187,22900.038129571214,0.36960583184691587
2018-04-01,1191.5,5.22,1.5,1.9,5.5318399,26437.0,11896.3,449.98676097893104,23489.3089231002,0.3791166422915556
2018-05-01,1207.4,5.22,1.5,1.9,5.3937237,31960.0,14538.5,454.8967459324155,23745.610137672087,0.37820635150023707
2018-06-01,1207.4,5.22,1.5,2.1,5.3352675,28761.0,12959.8,450.60324745314836,23521.489517054342,0.37463668781383935
2018-07-01,1207.4,5.22,1.5,2.1,5.3048807,28967.0,12905.0,445.5069561915283,23255.463113197773,0.3703995730367505
2018-08-01,1207.4,5.22,1.5,2.1,5.2870419,28804.0,12749.2,442.61908068323845,23104.716011665045,0.3679985603468522
2018-09-01,1207.4,5.31,1.5,1.9,5.0291088,26023.0,11320.0,434.99980786227565,23098.489797486836,0.367899392806648
2018-10-01,1207.4,5.34,1.5,1.9,5.0151542,30047.0,13140.9,437.3448264385795,23354.213731820146,0.3719724158047831
2018-11-01,1225.3,5.34,1.5,1.9,5.1171637,31067.0,13427.1,432.19815238033925,23079.381337110113,0.3622249706054736
2018-12-01,1225.3,5.34,1.5,1.8,5.0243962,25712.0,11263.800000000001,438.0756067205974,23393.2373988799,0.36715086099604965
2019-01-01,1225.3,5.37,1.5,1.8,5.04653,21644.0,9280.5,428.7793383847718,23025.450471262244,0.36137853949836846
2019-02-01,1225.3,5.37,1.5,1.8,4.9719152,23035.0,9795.5,425.24419361840677,22835.613197308445,0.35839909217379173
2019-03-01,1225.3,5.37,1.5,1.3,5.0797036,24636.0,10576.2,429.29858743302486,23053.334145153436,0.3618161666083885
2019-04-01,1225.3,5.37,1.5,1.3,5.2114796,23156.0,10418.7,449.9352219727069,24161.52141993436,0.3792088816543258
2019-05-01,1237.9,5.37,1.5,1.3,5.2082318,26773.0,11793.900000000001,440.514697643148,23655.639263437046,0.36749021704619245
2019-06-01,1237.9,5.15,1.28,1.6,5.2671008,23842.0,10630.6,445.8770237396192,22962.666722590388,0.3567248926934322
2019-07-01,1237.9,4.94,1.02,1.6,5.2886069,26440.0,11840.6,447.82904689863847,22122.754916792743,0.34367686772251926
2019-08-01,1237.9,4.94,1.0,1.6,5.2776787,25766.0,11819.8,458.7363191803151,22661.574167507566,0.35204742161830466
2019-09-01,1237.9,4.94,1.0,1.7,5.2128931,24944.0,11658.8,467.3989737010904,23089.50930083387,0.35869539140159623
2019-10-01,1237.9,4.8,0.76,1.7,5.3106526,27632.0,13308.6,481.63723219455704,23118.58714533874,0.35914711554522766
2019-11-01,1257.0,4.8,0.75,1.7,5.1669666,29156.0,14403.8,494.0252435176293,23713.211688846208,0.3627870339765958
2019-12-01,1257.0,4.8,0.75,1.8,5.0651292,29245.0,14531.599999999999,496.89177637202937,23850.80526585741,0.36489207003637186
2020-01-01,1257.0,4.8,0.75,1.8,5.2596272,24004.0,12100.7,504.1118146975504,24197.367105482423,0.37019409928221075
2020-02-01,1257.0,4.8,0.75,1.8,5.0814185,23012.0,11048.400000000001,480.11472275334614,23045.506692160616,0.3525718544177317
2020-03-01,1257.0,4.52,0.43,2.2,5.2052962,26613.0,13170.5,494.8897155525495,22369.015142975237,0.3422222499078275
2020-04-01,1257.0,4.52,0.25,2.2,6.3089647,23239.0,11903.900000000001,512.2380481087827,23153.159774516975,0.3542188326068933
2020-05-01,1304.7,4.52,0.25,2.2,7.0107585,22432.0,11322.0,504.72539229671895,22813.587731811695,0.33626338698273833
2020-06-01,1304.7,4.52,0.25,-0.3,7.4455346,25584.0,12417.2,485.35021888680427,21937.829893683553,0.32335505795148234
2020-07-01,1304.7,4.52,0.25,-0.3,7.540266,28228.0,13632.4,482.938925889188,21828.839450191295,0.3217485813153524
2020-08-01,1304.7,4.52,0.25,-0.3,6.833792,29071.0,14194.900000000001,488.2838567644732,22070.430325754187,0.32530953661251605
2020-09-01,1304.7,4.52,0.25,0.7,6.928496,32804.0,15968.3,486.779051335203,22002.413120351175,0.3243069895282613
2020-10-01,1304.7,4.52,0.25,0.7,6.9768769,33651.0,16497.6,490.25586163858424,22159.564946064005,0.32662334615773747
2020-11-01,1280.3,4.52,0.11,0.7,6.8371114,36122.0,18175.3,503.1642766181275,22743.025303139362,0.34161202156855314
2020-12-01,1280.3,4.52,0.1,0.9,6.5857317,40108.0,20431.800000000003,509.4195671686448,23025.764436022742,0.3458589098111432
2021-01-01,1280.3,4.52,0.1,0.9,6.3215728,33308.0,17029.7,511.27957247508107,23109.836675873663,0.3471217184054468
2021-02-01,1280.3,4.52,0.1,0.9,5.7976702,34194.0,16929.199999999997,495.0927063227466,22378.190325788146,0.33613201121414077
2021-03-01,1280.3,4.52,0.1,1.1,5.6107836,41750.0,21359.7,511.60958083832344,23124.75305389222,0.3473457701303814
2021-04-01,1280.3,4.52,0.1,1.1,5.4110021,37300.0,20102.3,538.935656836461,24359.891689008036,0.3658981922657556
2021-05-01,1305.8,4.52,0.1,1.1,5.0573884,39115.0,21493.6,549.4976351783203,24837.293110060073,0.3657836208581252
2021-06-01,1305.8,4.52,0.1,3.8,4.9766911,39833.0,22145.5,555.9586272688475,25129.329952551907,0.3700845039373433
2021-07-01,1305.8,4.52,0.1,3.8,4.7093936,37643.0,21531.6,571.9947931886406,25854.164652126557,0.3807592847904403
2021-08-01,1305.8,4.52,0.1,3.8,4.5666967,35871.0,20263.7,564.904797747484,25533.69685818628,0.3760396935887561
2021-09-01,1305.8,4.52,0.1,3.0,4.6673241,34237.0,19687.800000000003,575.0445424540702,25992.013318923975,0.3827894087756986
2021-10-01,1305.8,4.52,0.1,3.0,5.2528429,32702.0,18708.4,572.0873341080057,25858.34750168186,0.3808208864250896
2021-11-01,1328.9,4.52,0.1,3.0,4.6041171,38322.0,22836.0,595.8979176452168,26934.585877563797,0.3897756078995901
2021-12-01,1328.9,4.52,0.1,3.5,4.1737362,38535.0,23233.8,602.9272090307512,27252.30984818995,0.3943734530032061
2022-01-01,1328.9,4.52,0.1,3.5,4.1519935,28969.0,17891.5,617.6084780282371,27915.903206876315,0.4039764409962594
2022-02-01,1328.9,4.52,0.1,3.5,4.0069381,28219.0,16736.1,593.0791310818952,26807.176724901663,0.38793184537966136
2022-03-01,1328.9,4.52,0.1,5.1,3.9208216,34734.0,20837.699999999997,599.9222663672481,27116.486439799613,0.3924079261592817
2022-04-01,1328.9,4.52,0.1,5.1,3.871265,28447.0,17385.5,611.1540760009842,27624.164235244487,0.3997546298448758
2022-05-01,1344.7,4.77,0.33,5.1,3.9112687,33492.0,20599.4,615.0543413352443,29338.09208169115,0.4195687354012497
2022-06-01,1344.7,5.27,0.73,6.1,3.5786489,32017.0,19523.6,609.7885498329013,32135.856576193895,0.4595800117869283
2022-07-01,1344.7,5.77,1.28,6.1,3.4581311,28420.0,17309.0,609.0429275158339,35141.776917663614,0.5025681581488524
2022-08-01,1344.7,6.27,1.81,6.1,3.5115979,30057.0,17707.8,589.1406327976844,36939.117676414804,0.5282722150839306
2022-09-01,1344.7,6.77,2.25,7.3,3.5676064,26645.0,15679.0,588.4406079939951,39837.42916119346,0.5697214300186123
2022-10-01,1344.7,7.02,2.58,7.3,3.4274565,26983.0,16053.199999999999,594.9375532742838,41764.616239854724,0.5972824398901487
2022-11-01,1378.6,7.27,2.84,7.3,3.4675797,28160.0,16946.6,601.7968749999999,43750.63281249999,0.6102990884355923
2022-12-01,1378.6,7.52,3.05,7.8,3.5251211,26206.0,15837.5,604.3463329008624,45446.844234144846,0.6339603755502355
2023-01-01,1378.6,7.52,3.1,7.8,3.664257,19893.0,11960.7,601.2516965766853,45214.127582566725,0.6307140965551273
2023-02-01,1378.6,7.77,3.29,7.8,3.5489147,20772.0,12163.2,585.5574812247256,45497.81629116118,0.6346714098355241
2023-03-01,1378.6,8.02,3.54,7.0,3.5259781,26770.0,15446.3,577.0003735524841,46275.42995890922,0.6455187252244364
2023-04-01,1378.6,8.02,3.6,7.0,3.6800717,22250.0,13015.7,584.9752808988763,46915.01752808988,0.654440646699688
2023-05-01,1378.6,8.27,3.83,7.0,3.5512165,28838.0,16865.5,584.8359803037658,48365.93557112143,0.6746802158700776
